2,kiz3184,@kiz3184, @filonenko8281,
5,diana.kachura,@_milka_shop_biser_, @mashir17.06, @milaaaaa_naaa, @kachura.milana, @milanamilaia49,
2,iryna_kalaida,@ginova.na, @_.kamikosss._,
2,ianina.larisa,@al.fvck, @yaninanastya_0311,
2,mia_stasia,@travkinaylia, @svetikkkkk2401,
2,iolga1985,@1009victoria, @oksana_bysinka,
10,tatianazakondaeva,@marusya_loboda, @anna_griva_beauty, @na.stiusha2012, @prusrada, @nigersvk, @krupskajalt, @_aleksander_loboda_, @_liliya_dronova_, @ulka1988, @hel_ga1983,
7,kydravaja,@malinovskaia9396, @elenka.olegovna, @oleg_stupak1978, @iliyastypak, @marina_kuznietsova, @elena_yarmakova, @kyznetsova0708,
4,viktoria_101107,@anna_brovka, @oksanafloreskul, @b.alesya, @balasovae732,
2,katrin._._._._._,@elena_suharieva, @milinchukyuliya,
3,shevtsova8284,@evseenko.oksana, @lutcenko85, @aleks.ander65,
10,goldenhairdragons,@el.ena141, @natali_stakhno, @olga_gossak, @allatroyanm, @leno4ka_nedushko, @plechkoelena, @tatka_nk12, @romanovskaia9896, @li_udmila9075, @natali_qweek,
2,arina19862017,@irinakorobko_va, @elenapanimash,
5,mashir17.06,@diana.kachura, @lediangeltan, @mashir.vova, @evgeniia_vysochenko, @olgavoloshina37,
2,svetatischenk0,@valeri.i.i.i, @stepashka_julia,
1,lenacheremisina80,@liliia.12345,
5,volegovairochka,@sofivolegova, @serduk_irina, @sidorenkova.yuliya, @fashion_corporation_dp, @sasha.lobur,
1,kavratka_margarita,@aniabut31,
2,tkasenko6,@vika_holovko, @kashchenko219,
2,lilya_yatsyna535,@anasteyha773, @nikolai.iatsina,
2,marina_azkozlova,@vitaliikozlov612, @s.v.e.t.lana_nails,
2,1009victoria,@iolga1985, @oksana_bysinka,
8,kashchenko219,@k.katyaa._, @slv.kvv, @vika_holovko, @vlad_holovko1994, @mashakomisarchuk1, @valikrn, @marichka_love_ua, @ksenia_chajka,
3,tanyapanova1983,@zavertailo.n, @alekseipanov1982, @__sofia__panova__,
2,lyneva40,@little__mariupol_thebestinside, @orkestrpavlova,
2,natalyararaka,@_li_678_, @nfejnx,
4,kotkorloelena,@oksanalichman, @kotkorlo_yuriy, @zima_kate, @evgeniiakapto,
2,tania.belik,@belikmikhail5, @nikitabelik.06092012,
2,nastiashchableva,@irinastukan7743, @olenakoltakova,
6,marina_kuznietsova,@reusanna, @mia_stasia, @lady_with_saw, @innakrisan, @kydravaja, @lid.by,
1,oksana2013_2013,@elena_bajenova_25,
2,liliia.12345,@yuliia_2_0_1_8, @lenacheremisina80,
2,rifruslana,@kavratka_margarita, @tanyapanova1983,
5,elena_nichaeva,@sukhorukova7391, @polina.nichaeva, @stasenko946, @marinacherniakhovich, @vikylia1901,
3,vero_nika7592,@kastalanovadarya, @viola1234170, @12vlada2009,
2,marina_sukhostavets,@belkina236, @lebed__elena,
2,svetlakt,@korean_girl_tosya, @svetlana_suslikova_kyzina,
0,vika.paniotova,,
3,veronika653203,@nataliapogonova, @vero.n4234, @ksuhakisklas,
2,tertishnaya2015,@katerinabalitska, @natashkamilashka_,
2,elenad5233,@yuliannakychanova, @ira_bulchenko,
3,yfomina123,@losssminko, @liudmilazyeva4, @wingeska,
2,vnukovskii.denis,@7001_999, @irinaivanova4832,
2,zagvazdinadaria,@aleksandrovna66_66, @annalisovina9,
2,veceraanna340,@vladimirglushchak, @juliahlushchak,
2,belovol428,@MariaSidushova, @az_marisha,
3,tanu_ha1987,@olga3vladimirovna, @nataliapogonova, @xx.nastvxs,
5,vitalyos_1,@mvrtishchenko, @k_a_t_e_r_u_n_a_567, @arina.koshkalda, @nataliiamartishchenko, @nastiakorteva,
1,svetysa_korobova,@mudraiagalina,
2,smile.anastacia,@_maryna_vahrusheva, @kozlova_olgav,
13,evgeniyavashkevich,@flctionauthorq, @lana123266, @onipav, @onipchennko, @nekit_schneider, @madam_bax, @aleksandrostrovskii, @michael_hard_bread, @sergei_makarenko1999, @alexandra_alexandrovna_25.25, @g.aaaaaaaaaaaaaaaaaaaa, @kik_vika_, @natali95.09.15,
8,ekaterina15ermakova,@seeveentin, @lolilyser, @p0lina5555, @juliiamaliar, @alina_komarovskaya, @innats8, @steshenkosergiy, @tolstikova535,
3,evseenko.oksana,@shevtsova8284, @valentina.bodunova1, @valerya_kolodyazhnaya,
2,katerina_martik,@tvoya_spokusa, @nataliezinenko,
3,msveta_1961,@kmenshakova, @__apolinaria_____, @alena.kalacheva.alena,
12,minidasha_,@va1entino_dnepr, @sofisonya2013, @luybov_kutko, @alinaabramova439, @artemtuenov, @irina.zbukareva, @filenko_yuliya, @kris_zavgorodniaia, @izabellagoltyshova, @valya_gubidulina, @ashtokolova, @psychologist_dnepr_lolita_geta,
6,ksiushagrebeni,@sofiya.maslikova, @alekseevsergey1988, @nataliapavlenko791, @irakostennikova, @priimak878, @nataalekseeva9,
4,seleznevanatalii,@_va_64, @svetlanakrutto, @k_m_s.sd, @natka090472,
4,timoshchuk4825,@petrenkog02, @usenkotatyana31, @white.lilac_tarot, @rudas_al,
